{"schemaVersion":"1.0","appDefinitionTemplate":{"id":"/providers/Microsoft.PowerApps/apps/","type":"Microsoft.PowerApps/apps","tags":{"primaryDeviceWidth":"600","primaryDeviceHeight":"300","supportsPortrait":"false","supportsLandscape":"true","primaryFormFactor":"Web","showStatusBar":"false","publisherVersion":"3.24072.14","minimumRequiredApiVersion":"2.2.0","hasComponent":"false","hasUnlockedComponent":"false","isUnifiedRootApp":"false","sienaVersion":"20240723T114930Z-3.24072.14.0"},"properties":{"appVersion":"2024-07-23T11:49:30Z","lifeCycleId":"Published","createdByClientVersion":{"major":3,"minor":24072,"build":14,"revision":0,"majorRevision":0,"minorRevision":0},"minClientVersion":{"major":3,"minor":24072,"build":14,"revision":0,"majorRevision":0,"minorRevision":0},"backgroundColor":"RGBA(0,176,240,1)","backgroundImageUri":"/15791841650230885447/N36f0150a-7152-41d3-b206-44673b76ba6f-logoSmallFile","displayName":"CI-D Segment Membership","description":"","commitMessage":"","appUris":{"documentUri":{"value":"/15791841650230885447/N2e93683c-41ec-4d72-8a67-67067659385d-document.msapp"},"imageUris":[],"additionalUris":[{"isSolutionAware":false,"value":"/15791841650230885447/Nb41716ec-54bf-44ed-8e57-ac4f706ca318-identity.json"}]},"createdTime":"0001-01-01T00:00:00Z","lastModifiedTime":"0001-01-01T00:00:00Z","sharedGroupsCount":0,"sharedUsersCount":0,"connectionReferences":{},"databaseReferences":{"default.cds":{"databaseDetails":{"referenceType":"Environmental","environmentName":"default.cds","overrideValues":{"status":"NotSpecified","environmentVariableName":""}},"dataSources":{"Contacts":{"entitySetName":"contacts","logicalName":"contact","isHidden":false},"SegmentMembership":{"entitySetName":"msdynci_segmentmemberships","logicalName":"msdynci_segmentmembership","isHidden":false},"CustomerProfile":{"entitySetName":"msdynci_customerprofiles","logicalName":"msdynci_customerprofile","isHidden":false}},"actions":["providers/PowerPlatform.Governance/Operations/Read"]}},"almMode":"Solution","performanceOptimizationEnabled":true,"canConsumeAppPass":true,"enableModernRuntimeMode":false,"executionRestrictions":{"isTeamsOnly":false,"dataLossPreventionEvaluationResult":{"status":"Compliant","lastEvaluationDate":"2024-07-22T11:45:35.1348809Z","violations":[],"violationsByPolicy":[],"violationErrorMessage":"The app uses the following connectors: shared_commondataservice."}}},"appType":"ClassicCanvasApp","appComponents":[]}}